region,year_month,revenue
East,2023-01,1200.0
East,2023-03,500.0
North,2023-01,1000.0
North,2023-02,1400.0
North,2023-03,2000.0
South,2023-01,1000.0
South,2023-02,1500.0
South,2023-03,1500.0
West,2023-01,1200.0
West,2023-02,1200.0
West,2023-03,1600.0
